"priority","long_name","units","description","comment","name","standard_name","cell_methods","positive","type","dimensions","out_name","modeling_realm","frequency","cell_measures","prov","provNote","rowIndex","vid","MIPs (requesting)","MIPs (by experiment)","uid","AWI","CNRM","CMCC","ECEarth","MPI","METOFFICE","MO_key","STASH"
"1","Fraction of time steps with sea ice","1.0","Fraction of time steps of the averaging period during which sea ice is present (siconc >0 ) in a grid cell",,"sitimefrac","sea_ice_time_fraction","time: mean area: mean where sea_ice over sea",,,"longitude latitude time","sitimefrac","seaIce","mon","area: areacella","SIMIP [seaicemon]",,"4","590e8b2a-9e49-11e5-803c-0d0b866b59f3","C4MIP,DAMIP,FAFMIP,GMMIP,GeoMIP,HighResMIP,RFMIP,SIMIP","C4MIP,CMIP6,DAMIP,DCPP,DECK,FAFMIP,GMMIP,GeoMIP,HighResMIP,LS3MIP,LUMIP,OMIP,PMIP,RFMIP,ScenarioMIP","0b0ca774-00a8-11e6-ab7d-5404a60d96b5","False",3,"False","False","False","CICE:1 & JULES:1","lo-la-ti_a:m-seaice_sitimefrac","Structure not defined"
"1","Sea-ice area fraction","1.0","Area fraction of grid cell covered by sea ice",,"siconc","sea_ice_area_fraction","time: mean area: mean where sea_ice over sea",,,"longitude latitude time","siconc","seaIce","mon","area: areacello","SIMIP [seaicemon]",,"5","5914ab90-9e49-11e5-803c-0d0b866b59f3","C4MIP,DAMIP,FAFMIP,GMMIP,GeoMIP,HighResMIP,RFMIP,SIMIP","C4MIP,CMIP6,DAMIP,DCPP,DECK,FAFMIP,GMMIP,GeoMIP,HighResMIP,LS3MIP,LUMIP,OMIP,PMIP,RFMIP,ScenarioMIP","0b0cb016-00a8-11e6-ab7d-5404a60d96b5","x",3,"x","False","x","CICE:1","lo-la-ti_a:m-seaice_siconc","Structure not defined"
"1","Sea-ice mass per area","kg  m-2","Total mass of sea ice divided by grid-cell area","(in OImon, sim included snow and sea ice mass)","simass","sea_ice_amount","time: mean area: mean where sea_ice over sea",,,"longitude latitude time","simass","seaIce","mon","area: areacella","SIMIP [seaicemon]",,"6","5917184e-9e49-11e5-803c-0d0b866b59f3","C4MIP,DAMIP,FAFMIP,GMMIP,GeoMIP,HighResMIP,RFMIP,SIMIP","C4MIP,CMIP6,DAMIP,DCPP,DECK,FAFMIP,GMMIP,GeoMIP,HighResMIP,LS3MIP,LUMIP,OMIP,PMIP,RFMIP,ScenarioMIP","0b0cb61a-00a8-11e6-ab7d-5404a60d96b5","False",3,"False","False","False","CICE:1","lo-la-ti_a:m-seaice_simass","Structure not defined"
"1","Sea-ice thickness","m","Actual (floe) thickness of sea ice (NOT volume divided by grid area as was done in CMIP5)","(in OImon, sit was volume per entire cell area)","sithick","sea_ice_thickness","time: mean area: mean where sea_ice over sea",,,"longitude latitude time","sithick","seaIce","mon","area: areacella","SIMIP [seaicemon]",,"7","591321f8-9e49-11e5-803c-0d0b866b59f3","C4MIP,DAMIP,FAFMIP,GMMIP,GeoMIP,HighResMIP,RFMIP,SIMIP","C4MIP,CMIP6,DAMIP,DCPP,DECK,FAFMIP,GMMIP,GeoMIP,HighResMIP,LS3MIP,LUMIP,OMIP,PMIP,RFMIP,ScenarioMIP","0b0cbc3c-00a8-11e6-ab7d-5404a60d96b5","x",3,"x","False","x","CICE:1","lo-la-ti_a:m-seaice_sithick","Structure not defined"
"1","Sea-ice volume per area","m","Total volume of sea ice divided by grid-cell area (this used to be called ice thickness in CMIP5)",,"sivol","sea_ice_thickness","time: mean area: mean where sea_ice over sea",,,"longitude latitude time","sivol","seaIce","mon","area: areacello","SIMIP [seaicemon]",,"8","591801d2-9e49-11e5-803c-0d0b866b59f3","C4MIP,DAMIP,FAFMIP,GMMIP,GeoMIP,HighResMIP,RFMIP,SIMIP","C4MIP,CMIP6,DAMIP,DCPP,DECK,FAFMIP,GMMIP,GeoMIP,HighResMIP,LS3MIP,LUMIP,OMIP,PMIP,RFMIP,ScenarioMIP","0b0cc1b4-00a8-11e6-ab7d-5404a60d96b5","x",3,"x","False","False","CICE:1","lo-la-ti_a:m-seaice_sivol","Structure not defined"
"1","Snow area fraction","1.0","Area fraction of grid cell covered by snow that lies on sea ice; exclude snow that lies on land or land ice.",,"sisnconc","surface_snow_area_fraction","time: mean where sea_ice area: mean where sea_ice area: mean where sea_ice",,,"longitude latitude time","sisnconc","seaIce","mon","area: areacella","SIMIP [seaicemon]",,"9","590d38b0-9e49-11e5-803c-0d0b866b59f3","C4MIP,DAMIP,FAFMIP,GMMIP,GeoMIP,HighResMIP,RFMIP,SIMIP","C4MIP,CMIP6,DAMIP,DCPP,DECK,FAFMIP,GMMIP,GeoMIP,HighResMIP,LS3MIP,LUMIP,OMIP,PMIP,RFMIP,ScenarioMIP","0b0cc7ae-00a8-11e6-ab7d-5404a60d96b5","x",3,"x","False","False","CICE:1","lo-la-ti_a:m-seaice_sisnconc","Structure not defined"
"1","Snow mass per area","kg / m2","Total mass of snow on sea ice divided by grid-cell area","(in OImon, sim included snow and sea ice mass)","sisnmass","surface_snow_amount","time: mean where sea_ice area: mean where sea_ice area: mean where sea_ice",,,"longitude latitude time","sisnmass","seaIce","mon","area: areacella","SIMIP [seaicemon]",,"10","5914a6b8-9e49-11e5-803c-0d0b866b59f3","C4MIP,DAMIP,FAFMIP,GMMIP,GeoMIP,HighResMIP,RFMIP,SIMIP","C4MIP,CMIP6,DAMIP,DCPP,DECK,FAFMIP,GMMIP,GeoMIP,HighResMIP,LS3MIP,LUMIP,OMIP,PMIP,RFMIP,ScenarioMIP","0b0ccd44-00a8-11e6-ab7d-5404a60d96b5","False",3,"False","False","False","CICE:1","lo-la-ti_a:m-seaice_sisnmass","Structure not defined"
"1","Snow thickness","m","Actual thickness of snow (snow volume divided by snow-covered area)","(in OImon, snd was volume per entire cell area)","sisnthick","surface_snow_thickness","time: mean where sea_ice area: mean where sea_ice area: mean where snow over sea_ice",,,"longitude latitude time","sisnthick","seaIce","mon","area: areacella","SIMIP [seaicemon]",,"11","5913c266-9e49-11e5-803c-0d0b866b59f3","C4MIP,DAMIP,FAFMIP,GMMIP,GeoMIP,HighResMIP,RFMIP,SIMIP","C4MIP,CMIP6,DAMIP,DCPP,DECK,FAFMIP,GMMIP,GeoMIP,HighResMIP,LS3MIP,LUMIP,OMIP,PMIP,RFMIP,ScenarioMIP","0b0cd2da-00a8-11e6-ab7d-5404a60d96b5","False",3,"x","False","x","CICE:1","lo-la-ti_a:m-seaice_sisnthick","Structure not defined"
"1","Sea-ice area fractions in thickness categories","1.0","Area fraction of grid cell covered by each ice-thickness category (vector with one entry for each thickness category starting from the thinnest category, netcdf file should use thickness bounds of the categories as third coordinate axis)","K=ice depth bands","siitdconc","sea_ice_area_fraction_over_categories","time: mean where sea_ice area: mean where sea_ice area: mean where sea_ice",,,"longitude latitude time angle","siitdconc","seaIce","mon","area: areacella","SIMIP [seaicemon]",,"12","590d98b4-9e49-11e5-803c-0d0b866b59f3","C4MIP,FAFMIP,GMMIP,GeoMIP,HighResMIP,RFMIP,SIMIP","C4MIP,CMIP6,DAMIP,DCPP,DECK,FAFMIP,GMMIP,GeoMIP,HighResMIP,LS3MIP,LUMIP,OMIP,PMIP,RFMIP,ScenarioMIP","0b0cd88e-00a8-11e6-ab7d-5404a60d96b5","False","False","x","False","False","False","lo-la-ti-ang_a:m-seaice_siitdconc","Structure not defined"
"1","Sea-ice thickness in thickness categories","m","Actual (floe) thickness of sea ice in each  category (NOT volume divided by grid area),  (vector with one entry for each thickness category starting from the thinnest category, netcdf file should use thickness bounds of categories as third coordinate axis)","K=ice depth bands","siitdthick","sea_ice_thickness_over_categories","time: mean where sea_ice area: mean where sea_ice area: mean where sea_ice",,,"longitude latitude time angle","siitdthick","seaIce","mon","area: areacella","SIMIP [seaicemon]",,"13","59133288-9e49-11e5-803c-0d0b866b59f3","C4MIP,FAFMIP,GMMIP,GeoMIP,HighResMIP,RFMIP,SIMIP","C4MIP,CMIP6,DAMIP,DCPP,DECK,FAFMIP,GMMIP,GeoMIP,HighResMIP,LS3MIP,LUMIP,OMIP,PMIP,RFMIP,ScenarioMIP","0b0cde60-00a8-11e6-ab7d-5404a60d96b5","False","False","x","False","False","False","lo-la-ti-ang_a:m-seaice_siitdthick","Structure not defined"
"1","Snow area fractions in thickness categories","1.0","Area fraction of grid cell covered by snow in each ice-thickness category (vector with one entry for each thickness category starting from the thinnest category, netcdf file should use thickness bounds of the categories as third coordinate axis)","K=snow depth bands","siitdsnconc","snow_area_fraction_over_categories","time: mean where sea_ice area: mean where sea_ice area: mean where sea_ice",,,"longitude latitude time angle","siitdsnconc","seaIce","mon","area: areacella","SIMIP [seaicemon]",,"14","590f0442-9e49-11e5-803c-0d0b866b59f3","C4MIP,FAFMIP,GMMIP,GeoMIP,HighResMIP,RFMIP,SIMIP","C4MIP,CMIP6,DAMIP,DCPP,DECK,FAFMIP,GMMIP,GeoMIP,HighResMIP,LS3MIP,LUMIP,OMIP,PMIP,RFMIP,ScenarioMIP","0b0ce612-00a8-11e6-ab7d-5404a60d96b5","False","False","False","False","False","False","lo-la-ti-ang_a:m-seaice_siitdsnconc","Structure not defined"
"1","Snow thickness in thickness categories","m","Actual thickness of snow in each  category (NOT volume divided by grid area),  (vector with one entry for each thickness category starting from the thinnest category, netcdf file should use thickness bounds of categories as third coordinate axis)","K=snow depth bands","siitdsnthick","snow_thickness_over_categories","time: mean where sea_ice area: mean where sea_ice area: mean where sea_ice",,,"longitude latitude time angle","siitdsnthick","seaIce","mon","area: areacella","SIMIP [seaicemon]",,"15","590dfdc2-9e49-11e5-803c-0d0b866b59f3","C4MIP,FAFMIP,GMMIP,GeoMIP,HighResMIP,RFMIP,SIMIP","C4MIP,CMIP6,DAMIP,DCPP,DECK,FAFMIP,GMMIP,GeoMIP,HighResMIP,LS3MIP,LUMIP,OMIP,PMIP,RFMIP,ScenarioMIP","0b0cee64-00a8-11e6-ab7d-5404a60d96b5","False","False","False","False","False","False","lo-la-ti-ang_a:m-seaice_siitdsnthick","Structure not defined"
"1","Surface temperature of sea ice","K","Report surface temperature of snow where snow covers the sea ice.",,"sitemptop","sea_ice_surface_temperature","time: mean where sea_ice area: mean where sea_ice area: mean where sea_ice",,,"longitude latitude time","sitemptop","seaIce","mon","area: areacello","SIMIP [seaicemon]",,"16","5914a456-9e49-11e5-803c-0d0b866b59f3","C4MIP,DAMIP,FAFMIP,GMMIP,GeoMIP,HighResMIP,RFMIP,SIMIP","C4MIP,CMIP6,DAMIP,DCPP,DECK,FAFMIP,GMMIP,GeoMIP,HighResMIP,LS3MIP,LUMIP,OMIP,PMIP,RFMIP,ScenarioMIP","0b0cf3be-00a8-11e6-ab7d-5404a60d96b5","x",3,"x","False","False","JULES:1","lo-la-ti_a:m-seaice_sitemptop","Structure not defined"
"1","Temperature at snow-ice interface","K","Report surface temperature of ice where snow thickness is zero",,"sitempsnic","snow_sea_ice_interface_temperature","time: mean where sea_ice area: mean where sea_ice area: mean where sea_ice",,,"longitude latitude time","sitempsnic","seaIce","mon","area: areacella","SIMIP [seaicemon]",,"17","590e34fe-9e49-11e5-803c-0d0b866b59f3","C4MIP,DAMIP,FAFMIP,GMMIP,GeoMIP,HighResMIP,RFMIP,SIMIP","C4MIP,CMIP6,DAMIP,DCPP,DECK,FAFMIP,GMMIP,GeoMIP,HighResMIP,LS3MIP,LUMIP,OMIP,PMIP,RFMIP,ScenarioMIP","0b0cf8be-00a8-11e6-ab7d-5404a60d96b5","x","False","x","False","False","CICE:1","lo-la-ti_a:m-seaice_sitempsnic","Structure not defined"
"2","Temperature at ice-ocean interface","K","Report temperature at interface, NOT temperature within lowermost model layer",,"sitempbot","sea_ice_bottom_temperature","time: mean where sea_ice area: mean where sea_ice area: mean where sea_ice",,,"longitude latitude time","sitempbot","seaIce","mon","area: areacella","SIMIP [seaicemon]",,"18","5914d6d8-9e49-11e5-803c-0d0b866b59f3","C4MIP,FAFMIP,GMMIP,GeoMIP,HighResMIP,RFMIP,SIMIP","C4MIP,CMIP6,DAMIP,DCPP,DECK,FAFMIP,GMMIP,GeoMIP,HighResMIP,LS3MIP,LUMIP,OMIP,PMIP,RFMIP,ScenarioMIP","0b0cfe36-00a8-11e6-ab7d-5404a60d96b5","False","False","False","False","False","CICE:1","lo-la-ti_a:m-seaice_sitempbot","Structure not defined"
"2","Age of sea ice","s","Age of sea ice",,"siage","age_of_sea_ice","time: mean where sea_ice area: mean where sea_ice area: mean where sea_ice",,,"longitude latitude time","siage","seaIce","mon","area: areacello","SIMIP [seaicemon]",,"19","5917369e-9e49-11e5-803c-0d0b866b59f3","C4MIP,FAFMIP,GMMIP,GeoMIP,HighResMIP,RFMIP,SIMIP","C4MIP,CMIP6,DAMIP,DCPP,DECK,FAFMIP,GMMIP,GeoMIP,HighResMIP,LS3MIP,LUMIP,OMIP,PMIP,RFMIP,ScenarioMIP","0b0d035e-00a8-11e6-ab7d-5404a60d96b5","False","False","False","False","False","CICE:1","lo-la-ti_a:m-seaice_siage","Structure not defined"
"1","Sea-ice or snow albedo","1.0","Mean surface albedo of entire ice-covered part of grid cell",,"sialb","sea_ice_albedo","time: mean where sea_ice area: mean where sea_ice area: mean where sea_ice",,,"longitude latitude time","sialb","seaIce","mon","area: areacello","SIMIP [seaicemon]",,"20","59174fb2-9e49-11e5-803c-0d0b866b59f3","C4MIP,FAFMIP,GMMIP,GeoMIP,HighResMIP,RFMIP,SIMIP","C4MIP,CMIP6,DAMIP,DCPP,DECK,FAFMIP,GMMIP,GeoMIP,HighResMIP,LS3MIP,LUMIP,OMIP,PMIP,RFMIP,ScenarioMIP","0b0d0872-00a8-11e6-ab7d-5404a60d96b5","x","False","x","False","False","CICE:1","lo-la-ti_a:m-seaice_sialb","Structure not defined"
"1","Mass of salt in sea ice per area","kg / m2","Total mass of all salt in sea ice divided by grid-cell area",,"sisaltmass","sea_ice_salt_mass","time: mean area: mean where sea_ice over sea",,,"longitude latitude time","sisaltmass","seaIce","mon","area: areacella","SIMIP [seaicemon]",,"21","590c7920-9e49-11e5-803c-0d0b866b59f3","C4MIP,FAFMIP,GMMIP,GeoMIP,HighResMIP,RFMIP,SIMIP","C4MIP,CMIP6,DAMIP,DCPP,DECK,FAFMIP,GMMIP,GeoMIP,HighResMIP,LS3MIP,LUMIP,OMIP,PMIP,RFMIP,ScenarioMIP","0b0d0de0-00a8-11e6-ab7d-5404a60d96b5","False","False","False","False","False","False","lo-la-ti_a:m-seaice_sisaltmass","Structure not defined"
"1","Meltpond area fraction","1.0","Area fraction of grid cell that is covered by melt ponds",,"simpconc","melt_pond_fraction","time: mean area: mean where sea_ice over sea",,,"longitude latitude time","simpconc","seaIce","mon","area: areacella","SIMIP [seaicemon]",,"22","590eb1ea-9e49-11e5-803c-0d0b866b59f3","C4MIP,FAFMIP,GMMIP,GeoMIP,HighResMIP,RFMIP,SIMIP","C4MIP,CMIP6,DAMIP,DCPP,DECK,FAFMIP,GMMIP,GeoMIP,HighResMIP,LS3MIP,LUMIP,OMIP,PMIP,RFMIP,ScenarioMIP","0b0d1344-00a8-11e6-ab7d-5404a60d96b5","x","False","False","False","False","False","lo-la-ti_a:m-seaice_simpconc","Structure not defined"
"1","Thickness of refozen ice on melt pond","m","Volume of refrozen ice on melt ponds divided by meltpond covered area",,"simprefrozen","melt_pond_refrozen_ice","time: mean where sea_ice area: mean where sea_ice area: mean where sea_ice",,,"longitude latitude time","simprefrozen","seaIce","mon","area: areacella","SIMIP [seaicemon]",,"24","591523cc-9e49-11e5-803c-0d0b866b59f3","C4MIP,FAFMIP,GMMIP,GeoMIP,HighResMIP,RFMIP,SIMIP","C4MIP,CMIP6,DAMIP,DCPP,DECK,FAFMIP,GMMIP,GeoMIP,HighResMIP,LS3MIP,LUMIP,OMIP,PMIP,RFMIP,ScenarioMIP","0b0d1da8-00a8-11e6-ab7d-5404a60d96b5","x","False","False","False","False","False","lo-la-ti_a:m-seaice_simprefrozen","Structure not defined"
"1","Ridged ice area fraction","1.0","Area fraction of grid cell covered by ridged sea ice",,"sirdgconc","fraction_of_ridged_sea_ice","time: mean area: mean where sea_ice over sea",,,"longitude latitude time","sirdgconc","seaIce","mon","area: areacella","SIMIP [seaicemon]",,"25","590dfb2e-9e49-11e5-803c-0d0b866b59f3","C4MIP,FAFMIP,GMMIP,GeoMIP,HighResMIP,RFMIP,SIMIP","C4MIP,CMIP6,DAMIP,DCPP,DECK,FAFMIP,GMMIP,GeoMIP,HighResMIP,LS3MIP,LUMIP,OMIP,PMIP,RFMIP,ScenarioMIP","0b0d2320-00a8-11e6-ab7d-5404a60d96b5","False","False","False","False","False","False","lo-la-ti_a:m-seaice_sirdgconc","Structure not defined"
"1","Ridged ice thickness","m","Total volume of ridged sea ice divided by area of ridges",,"sirdgthick","thickness_of_ridged_sea_ice","time: mean where sea_ice area: mean where sea_ice area: mean where sea_ice",,,"longitude latitude time","sirdgthick","seaIce","mon","area: areacella","SIMIP [seaicemon]",,"26","5914eb78-9e49-11e5-803c-0d0b866b59f3","C4MIP,FAFMIP,GMMIP,GeoMIP,HighResMIP,RFMIP,SIMIP","C4MIP,CMIP6,DAMIP,DCPP,DECK,FAFMIP,GMMIP,GeoMIP,HighResMIP,LS3MIP,LUMIP,OMIP,PMIP,RFMIP,ScenarioMIP","0b0d287a-00a8-11e6-ab7d-5404a60d96b5","False","False","False","False","False","False","lo-la-ti_a:m-seaice_sirdgthick","Structure not defined"
"1","Sea ice salinity","g kg-1","Mean sea-ice salinity of all sea ice in grid cell",,"sisali","sea_ice_salinity","time: mean where sea_ice area: mean where sea_ice area: mean where sea_ice",,,"longitude latitude time","sisali","seaIce","mon","area: areacella","SIMIP [seaicemon]",,"27","5913e674-9e49-11e5-803c-0d0b866b59f3","C4MIP,FAFMIP,GMMIP,GeoMIP,HighResMIP,RFMIP,SIMIP","C4MIP,CMIP6,DAMIP,DCPP,DECK,FAFMIP,GMMIP,GeoMIP,HighResMIP,LS3MIP,LUMIP,OMIP,PMIP,RFMIP,ScenarioMIP","0b0d2dca-00a8-11e6-ab7d-5404a60d96b5","False","False","False","False","False","False","lo-la-ti_a:m-seaice_sisali","Structure not defined"
"1","Sea-ice freeboard","m","Mean height of sea-ice surface (=snow-ice interface when snow covered) above sea level",,"sifb","sea_ice_freeboard","time: mean where sea_ice area: mean where sea_ice area: mean where sea_ice",,,"longitude latitude time","sifb","seaIce","mon","area: areacella","SIMIP [seaicemon]",,"28","590dac64-9e49-11e5-803c-0d0b866b59f3","C4MIP,FAFMIP,GMMIP,GeoMIP,HighResMIP,RFMIP,SIMIP","C4MIP,CMIP6,DAMIP,DCPP,DECK,FAFMIP,GMMIP,GeoMIP,HighResMIP,LS3MIP,LUMIP,OMIP,PMIP,RFMIP,ScenarioMIP","0b0d33c4-00a8-11e6-ab7d-5404a60d96b5","False","False","False","False","False","False","lo-la-ti_a:m-seaice_sifb","Structure not defined"
"1","Sea-ice heat content per unit area","J m-2","Heat content of all ice in grid cell divided by total grid-cell area. Water at 0 Celsius is assumed to have a heat content of 0 J.  Does not include heat content of snow, but does include heat content of brine. Heat content is always negative, since both the sensible and the latent heat content of ice are less than that of water",,"sihc","integral_of_sea_ice_temperature_wrt_depth_expressed_as_heat_content","time: mean where sea_ice area: mean where sea_ice area: mean where sea_ice",,,"longitude latitude time","sihc","seaIce","mon","area: areacello","SIMIP [seaicemon]",,"29","590f9d30-9e49-11e5-803c-0d0b866b59f3","C4MIP,FAFMIP,GMMIP,GeoMIP,HighResMIP,RFMIP,SIMIP","C4MIP,CMIP6,DAMIP,DCPP,DECK,FAFMIP,GMMIP,GeoMIP,HighResMIP,LS3MIP,LUMIP,OMIP,PMIP,RFMIP,ScenarioMIP","0b0d38ec-00a8-11e6-ab7d-5404a60d96b5","False","False","False","False","False","CICE:1","lo-la-ti_a:m-seaice_sihc","Structure not defined"
"1","Snow-heat content per unit area","J m-2","Heat-content of all snow in grid cell divided by total grid-cell area. Snow-water equivalent at 0 Celsius is assumed to have a heat content of 0 J.  Does not include heat content of sea ice.",,"sisnhc","thermal_energy_content_of_surface_snow","time: mean where sea_ice area: mean where sea_ice area: mean where snow over sea_ice",,,"longitude latitude time","sisnhc","seaIce","mon","area: areacella","SIMIP [seaicemon]",,"30","5912f890-9e49-11e5-803c-0d0b866b59f3","C4MIP,FAFMIP,GMMIP,GeoMIP,HighResMIP,RFMIP,SIMIP","C4MIP,CMIP6,DAMIP,DCPP,DECK,FAFMIP,GMMIP,GeoMIP,HighResMIP,LS3MIP,LUMIP,OMIP,PMIP,RFMIP,ScenarioMIP","0b0d3f18-00a8-11e6-ab7d-5404a60d96b5","False","False","False","False","False","CICE:1","lo-la-ti_a:m-seaice_sisnhc","Structure not defined"
"1","Freshwater flux from sea-ice surface","kg m-2 s-1","Total flux of fresh water from sea-ice surface into underlying ocean. This combines both surface melt water that drains directly into the ocean and the drainage of surface melt pond. By definition, this flux is always positive.",,"siflfwdrain","freshwater_flux_from_ice_surface","time: mean area: mean where sea_ice over sea",,,"longitude latitude time","siflfwdrain","seaIce","mon","area: areacella","SIMIP [seaicemon]",,"31","0353bea4-dca0-11e5-81c9-5404a60d96b5","C4MIP,DAMIP,FAFMIP,GMMIP,GeoMIP,HighResMIP,RFMIP,SIMIP","C4MIP,CMIP6,DAMIP,DCPP,DECK,FAFMIP,GMMIP,GeoMIP,HighResMIP,LS3MIP,LUMIP,OMIP,PMIP,RFMIP,ScenarioMIP","0b0d4404-00a8-11e6-ab7d-5404a60d96b5","NOT IN SIMIP GMD PAPER","NOT IN SIMIP GMD PAPER","NOT IN SIMIP GMD PAPER","NOT IN SIMIP GMD PAPER","NOT IN SIMIP GMD PAPER","NOT IN SIMIP GMD PAPER","lo-la-ti_a:m-seaice_siflfwdrain","Structure not defined"
"2","sea-ice area fraction change from thermodynamics","1/s","Total change in sea-ice area fraction through thermodynamic processes",,"sidconcth","tendency_of_sea_ice_area_fraction_due_to_thermodynamics","time: mean area: mean where sea_ice over sea",,,"longitude latitude time","sidconcth","seaIce","mon","area: areacella","SIMIP [seaicemon]",,"32","590dc60e-9e49-11e5-803c-0d0b866b59f3","C4MIP,FAFMIP,GMMIP,GeoMIP,HighResMIP,RFMIP,SIMIP","C4MIP,CMIP6,DAMIP,DCPP,DECK,FAFMIP,GMMIP,GeoMIP,HighResMIP,LS3MIP,LUMIP,OMIP,PMIP,RFMIP,ScenarioMIP","0b0d4954-00a8-11e6-ab7d-5404a60d96b5","False","False","x","False","False","False","lo-la-ti_a:m-seaice_sidconcth","Structure not defined"
"2","sea-ice area fraction change from dynamics","1/s","Total change in sea-ice area fraction through dynamics-related processes (advection, divergence...)",,"sidconcdyn","tendency_of_sea_ice_area_fraction_due_to_dynamics","time: mean area: mean where sea_ice over sea",,,"longitude latitude time","sidconcdyn","seaIce","mon","area: areacella","SIMIP [seaicemon]",,"33","590ee584-9e49-11e5-803c-0d0b866b59f3","C4MIP,FAFMIP,GMMIP,GeoMIP,HighResMIP,RFMIP,SIMIP","C4MIP,CMIP6,DAMIP,DCPP,DECK,FAFMIP,GMMIP,GeoMIP,HighResMIP,LS3MIP,LUMIP,OMIP,PMIP,RFMIP,ScenarioMIP","0b0d4eb8-00a8-11e6-ab7d-5404a60d96b5","False","False","x","False","False","False","lo-la-ti_a:m-seaice_sidconcdyn","Structure not defined"
"1","sea-ice mass change from thermodynamics","kg m-2 s-1","Total change in sea-ice mass from thermodynamic processes divided by grid-cell area",,"sidmassth","tendency_of_sea_ice_amount_due_to_thermodynamics","time: mean area: mean where sea_ice over sea",,,"longitude latitude time","sidmassth","seaIce","mon","area: areacella","SIMIP [seaicemon]",,"34","590d95d0-9e49-11e5-803c-0d0b866b59f3","C4MIP,FAFMIP,GMMIP,GeoMIP,HighResMIP,RFMIP,SIMIP","C4MIP,CMIP6,DAMIP,DCPP,DECK,FAFMIP,GMMIP,GeoMIP,HighResMIP,LS3MIP,LUMIP,OMIP,PMIP,RFMIP,ScenarioMIP","0b0d5408-00a8-11e6-ab7d-5404a60d96b5","False","False","x","False","False","CICE:1","lo-la-ti_a:m-seaice_sidmassth","Structure not defined"
"1","sea-ice mass change from dynamics","kg m-2 s-1","Total change in sea-ice mass through dynamics-related processes (advection,...) divided by grid-cell area",,"sidmassdyn","tendency_of_sea_ice_amount_due_to_dynamics","time: mean area: mean where sea_ice over sea",,,"longitude latitude time","sidmassdyn","seaIce","mon","area: areacella","SIMIP [seaicemon]",,"35","591357b8-9e49-11e5-803c-0d0b866b59f3","C4MIP,FAFMIP,GMMIP,GeoMIP,HighResMIP,RFMIP,SIMIP","C4MIP,CMIP6,DAMIP,DCPP,DECK,FAFMIP,GMMIP,GeoMIP,HighResMIP,LS3MIP,LUMIP,OMIP,PMIP,RFMIP,ScenarioMIP","0b0d5958-00a8-11e6-ab7d-5404a60d96b5","False","False","x","False","False","CICE:1","lo-la-ti_a:m-seaice_sidmassdyn","Structure not defined"
"2","sea-ice mass change through growth in supercooled open water (aka frazil)","kg m-2 s-1","The rate of change of sea ice mass due to sea ice formation in supercooled water (often through frazil formation) divided by grid-cell area. Together, sidmassgrowthwat and sidmassgrowthbot should give total ice growth",,"sidmassgrowthwat","tendency_of_sea_ice_amount_due_to_freezing_in_open_water","time: mean area: mean where sea_ice over sea",,,"longitude latitude time","sidmassgrowthwat","seaIce","mon","area: areacello","SIMIP [seaicemon]",,"36","59149c7c-9e49-11e5-803c-0d0b866b59f3","C4MIP,FAFMIP,GMMIP,GeoMIP,HighResMIP,RFMIP,SIMIP","C4MIP,CMIP6,DAMIP,DCPP,DECK,FAFMIP,GMMIP,GeoMIP,HighResMIP,LS3MIP,LUMIP,OMIP,PMIP,RFMIP,ScenarioMIP","0b0d5e8a-00a8-11e6-ab7d-5404a60d96b5","False","False","False","False","False","False","lo-la-ti_a:m-seaice_sidmassgrowthwat","Structure not defined"
"2","sea-ice mass change through basal growth","kg m-2 s-1","The rate of change of sea ice mass due to vertical growth of existing sea ice at its base divided by grid-cell area.",,"sidmassgrowthbot","tendency_of_sea_ice_amount_due_to_congelation_ice_accumulation","time: mean area: mean where sea_ice over sea",,,"longitude latitude time","sidmassgrowthbot","seaIce","mon","area: areacello","SIMIP [seaicemon]",,"37","590db4ac-9e49-11e5-803c-0d0b866b59f3","C4MIP,FAFMIP,GMMIP,GeoMIP,HighResMIP,RFMIP,SIMIP","C4MIP,CMIP6,DAMIP,DCPP,DECK,FAFMIP,GMMIP,GeoMIP,HighResMIP,LS3MIP,LUMIP,OMIP,PMIP,RFMIP,ScenarioMIP","0b0d6524-00a8-11e6-ab7d-5404a60d96b5","False","False","False","False","False","False","lo-la-ti_a:m-seaice_sidmassgrowthbot","Structure not defined"
"2","sea-ice mass change through snow-to-ice conversion","kg m-2 s-1","The rate of change of sea ice mass due to transformation of snow to sea ice divided by grid-cell area",,"sidmasssi","tendency_of_sea_ice_amount_due_to_snow_conversion","time: mean area: mean where sea_ice over sea",,,"longitude latitude time","sidmasssi","seaIce","mon","area: areacello","SIMIP [seaicemon]",,"38","590d3518-9e49-11e5-803c-0d0b866b59f3","C4MIP,FAFMIP,GMMIP,GeoMIP,HighResMIP,RFMIP,SIMIP","C4MIP,CMIP6,DAMIP,DCPP,DECK,FAFMIP,GMMIP,GeoMIP,HighResMIP,LS3MIP,LUMIP,OMIP,PMIP,RFMIP,ScenarioMIP","0b0d6a42-00a8-11e6-ab7d-5404a60d96b5","False","False","False","False","False","False","lo-la-ti_a:m-seaice_sidmasssi","Structure not defined"
"2","sea-ice mass change through evaporation and sublimation","kg m-2 s-1","The rate of change of sea-ice mass change through evaporation and sublimation divided by grid-cell area",,"sidmassevapsubl","water_evaporation_flux","time: mean area: mean where sea_ice over sea",,,"longitude latitude time","sidmassevapsubl","seaIce","mon","area: areacello","SIMIP [seaicemon]",,"39","59146180-9e49-11e5-803c-0d0b866b59f3","C4MIP,FAFMIP,GMMIP,GeoMIP,HighResMIP,RFMIP,SIMIP","C4MIP,CMIP6,DAMIP,DCPP,DECK,FAFMIP,GMMIP,GeoMIP,HighResMIP,LS3MIP,LUMIP,OMIP,PMIP,RFMIP,ScenarioMIP","0b0d6f56-00a8-11e6-ab7d-5404a60d96b5","False","False","False","False","False","False","lo-la-ti_a:m-seaice_sidmassevapsubl","Structure not defined"
"1","sea-ice mass change through surface melting","kg m-2 s-1","The rate of change of sea ice mass through melting at the ice surface divided by grid-cell area",,"sidmassmelttop","tendency_of_sea_ice_amount_due_to_surface_melting","time: mean area: mean where sea_ice over sea",,,"longitude latitude time","sidmassmelttop","seaIce","mon","area: areacello","SIMIP [seaicemon]",,"40","59179aee-9e49-11e5-803c-0d0b866b59f3","C4MIP,FAFMIP,GMMIP,GeoMIP,HighResMIP,RFMIP,SIMIP","C4MIP,CMIP6,DAMIP,DCPP,DECK,FAFMIP,GMMIP,GeoMIP,HighResMIP,LS3MIP,LUMIP,OMIP,PMIP,RFMIP,ScenarioMIP","0b0d7456-00a8-11e6-ab7d-5404a60d96b5","False","False","x","False","False","CICE:1","lo-la-ti_a:m-seaice_sidmassmelttop","Structure not defined"
"1","sea-ice mass change through bottom melting","kg m-2 s-1","The rate of change of sea ice mass through melting at the ice bottom divided by grid-cell area",,"sidmassmeltbot","tendency_of_sea_ice_amount_due_to_basal_melting","time: mean area: mean where sea_ice over sea",,,"longitude latitude time","sidmassmeltbot","seaIce","mon","area: areacello","SIMIP [seaicemon]",,"41","5917ea6c-9e49-11e5-803c-0d0b866b59f3","C4MIP,FAFMIP,GMMIP,GeoMIP,HighResMIP,RFMIP,SIMIP","C4MIP,CMIP6,DAMIP,DCPP,DECK,FAFMIP,GMMIP,GeoMIP,HighResMIP,LS3MIP,LUMIP,OMIP,PMIP,RFMIP,ScenarioMIP","0b0d79e2-00a8-11e6-ab7d-5404a60d96b5","False","False","x","False","False","CICE:1","lo-la-ti_a:m-seaice_sidmassmeltbot","Structure not defined"
"2","Lateral sea ice melt rate","kg m-2 s-1","The rate of change of sea ice mass through lateral melting divided by grid-cell area (report 0 if not explicitly calculated thermodynamically)",,"sidmasslat","tendency_of_sea_ice_amount_due_to_lateral_melting","time: mean area: mean where sea_ice over sea",,,"longitude latitude time","sidmasslat","seaIce","mon","area: areacella","SIMIP [seaicemon]",,"42","590ea5c4-9e49-11e5-803c-0d0b866b59f3","C4MIP,FAFMIP,GMMIP,GeoMIP,HighResMIP,RFMIP,SIMIP","C4MIP,CMIP6,DAMIP,DCPP,DECK,FAFMIP,GMMIP,GeoMIP,HighResMIP,LS3MIP,LUMIP,OMIP,PMIP,RFMIP,ScenarioMIP","0b0d7fd2-00a8-11e6-ab7d-5404a60d96b5","False","False","x","False","False","False","lo-la-ti_a:m-seaice_sidmasslat","Structure not defined"
"2","snow mass change through snow fall","kg m-2 s-1","mass of solid precipitation falling onto sea ice divided by grid-cell area",,"sndmasssnf","snowfall_flux","time: mean area: mean where sea_ice over sea",,,"longitude latitude time","sndmasssnf","seaIce","mon","area: areacello","SIMIP [seaicemon]",,"43","59142a3a-9e49-11e5-803c-0d0b866b59f3","C4MIP,FAFMIP,GMMIP,GeoMIP,HighResMIP,RFMIP,SIMIP","C4MIP,CMIP6,DAMIP,DCPP,DECK,FAFMIP,GMMIP,GeoMIP,HighResMIP,LS3MIP,LUMIP,OMIP,PMIP,RFMIP,ScenarioMIP","0b0d85d6-00a8-11e6-ab7d-5404a60d96b5","False","False","False","False","False","False","lo-la-ti_a:m-seaice_sndmasssnf","Structure not defined"
"2","snow mass change through melt","kg m-2 s-1","the rate of change of snow mass through melt divided by grid-cell area",,"sndmassmelt","surface_snow_melt_flux","time: mean area: mean where sea_ice over sea",,,"longitude latitude time","sndmassmelt","seaIce","mon","area: areacello","SIMIP [seaicemon]",,"44","590e1ef6-9e49-11e5-803c-0d0b866b59f3","C4MIP,FAFMIP,GMMIP,GeoMIP,HighResMIP,RFMIP,SIMIP","C4MIP,CMIP6,DAMIP,DCPP,DECK,FAFMIP,GMMIP,GeoMIP,HighResMIP,LS3MIP,LUMIP,OMIP,PMIP,RFMIP,ScenarioMIP","0b0d8c5c-00a8-11e6-ab7d-5404a60d96b5","False","False","False","False","False","False","lo-la-ti_a:m-seaice_sndmassmelt","Structure not defined"
"2","snow mass change through evaporation or sublimation","kg m-2 s-1","the rate of change of snow mass through sublimation and evaporation divided by grid-cell area",,"sndmasssubl","surface_snow_sublimation_flux","time: mean area: mean where sea_ice over sea",,,"longitude latitude time","sndmasssubl","seaIce","mon","area: areacella","SIMIP [seaicemon]",,"45","590de2ce-9e49-11e5-803c-0d0b866b59f3","C4MIP,FAFMIP,GMMIP,GeoMIP,HighResMIP,RFMIP,SIMIP","C4MIP,CMIP6,DAMIP,DCPP,DECK,FAFMIP,GMMIP,GeoMIP,HighResMIP,LS3MIP,LUMIP,OMIP,PMIP,RFMIP,ScenarioMIP","0b0d91e8-00a8-11e6-ab7d-5404a60d96b5","False","False","False","False","False","False","lo-la-ti_a:m-seaice_sndmasssubl","Structure not defined"
"2","snow mass change through advection by sea-ice dynamics","kg m-2 s-1","the rate of change of snow mass through advection with sea ice divided by grid-cell area",,"sndmassdyn","tendency_of_snow_mass_due_to_sea_ice_dynamics","time: mean area: mean where sea_ice over sea",,,"longitude latitude time","sndmassdyn","seaIce","mon","area: areacella","SIMIP [seaicemon]",,"46","59139246-9e49-11e5-803c-0d0b866b59f3","C4MIP,FAFMIP,GMMIP,GeoMIP,HighResMIP,RFMIP,SIMIP","C4MIP,CMIP6,DAMIP,DCPP,DECK,FAFMIP,GMMIP,GeoMIP,HighResMIP,LS3MIP,LUMIP,OMIP,PMIP,RFMIP,ScenarioMIP","0b0d98be-00a8-11e6-ab7d-5404a60d96b5","False","False","False","False","False","False","lo-la-ti_a:m-seaice_sndmassdyn","Structure not defined"
"2","snow mass change through snow-to-ice conversion","kg m-2 s-1","the rate of change of snow mass due to transformation of snow to sea ice divided by grid-cell area",,"sndmasssi","tendency_of_snow_mass_due_to_snow_to_ice_conversion","time: mean area: mean where sea_ice over sea",,,"longitude latitude time","sndmasssi","seaIce","mon","area: areacella","SIMIP [seaicemon]",,"47","5914c95e-9e49-11e5-803c-0d0b866b59f3","C4MIP,FAFMIP,GMMIP,GeoMIP,HighResMIP,RFMIP,SIMIP","C4MIP,CMIP6,DAMIP,DCPP,DECK,FAFMIP,GMMIP,GeoMIP,HighResMIP,LS3MIP,LUMIP,OMIP,PMIP,RFMIP,ScenarioMIP","0b0d9e2c-00a8-11e6-ab7d-5404a60d96b5","False","False","False","False","False","False","lo-la-ti_a:m-seaice_sndmasssi","Structure not defined"
"2","snow mass change through wind drift of snow","kg m-2 s-1","the rate of change of snow mass through wind drift of snow divided by grid-cell area",,"sndmasswindrif","tendency_of_snow_mass_due_to_drifting_snow","time: mean area: mean where sea_ice over sea",,,"longitude latitude time","sndmasswindrif","seaIce","mon","area: areacella","SIMIP [seaicemon]",,"48","590d7370-9e49-11e5-803c-0d0b866b59f3","C4MIP,FAFMIP,GMMIP,GeoMIP,HighResMIP,RFMIP,SIMIP","C4MIP,CMIP6,DAMIP,DCPP,DECK,FAFMIP,GMMIP,GeoMIP,HighResMIP,LS3MIP,LUMIP,OMIP,PMIP,RFMIP,ScenarioMIP","0b0da386-00a8-11e6-ab7d-5404a60d96b5","False","False","False","False","False","False","lo-la-ti_a:m-seaice_sndmasswindrif","Structure not defined"
"1","Downwelling shortwave flux over sea ice","W m-2","the downwelling shortwave flux over sea ice (always positive by sign convention)",,"siflswdtop","surface_downwelling_shortwave_flux_in_air","time: mean where sea_ice area: mean where sea_ice area: mean where sea_ice",,,"longitude latitude time","siflswdtop","seaIce","mon","area: areacello","SIMIP [seaicemon]",,"49","590f2f8a-9e49-11e5-803c-0d0b866b59f3","C4MIP,FAFMIP,GMMIP,GeoMIP,HighResMIP,RFMIP,SIMIP","C4MIP,CMIP6,DAMIP,DCPP,DECK,FAFMIP,GMMIP,GeoMIP,HighResMIP,LS3MIP,LUMIP,OMIP,PMIP,RFMIP,ScenarioMIP","0b0daa7a-00a8-11e6-ab7d-5404a60d96b5","False","False","x","False","False","JULES:1","lo-la-ti_a:m-seaice_siflswdtop","Structure not defined"
"1","Upward shortwave flux over sea ice","W m-2","the upward shortwave flux over sea ice (always negative)",,"siflswutop","surface_upwelling_shortwave_flux_in_air","time: mean where sea_ice area: mean where sea_ice area: mean where sea_ice",,,"longitude latitude time","siflswutop","seaIce","mon","area: areacello","SIMIP [seaicemon]",,"50","5917e51c-9e49-11e5-803c-0d0b866b59f3","C4MIP,FAFMIP,GMMIP,GeoMIP,HighResMIP,RFMIP,SIMIP","C4MIP,CMIP6,DAMIP,DCPP,DECK,FAFMIP,GMMIP,GeoMIP,HighResMIP,LS3MIP,LUMIP,OMIP,PMIP,RFMIP,ScenarioMIP","0b0db02e-00a8-11e6-ab7d-5404a60d96b5","False","False","False","False","False","JULES:1","lo-la-ti_a:m-seaice_siflswutop","Structure not defined"
"1","Downwelling shortwave flux under sea ice","W m-2","the downwelling shortwave flux underneath sea ice (always positive)",,"siflswdbot","bottom_downwelling_shortwave_flux_into_ocean","time: mean where sea_ice area: mean where sea_ice area: mean where sea_ice",,,"longitude latitude time","siflswdbot","seaIce","mon","area: areacella","SIMIP [seaicemon]",,"51","590f5672-9e49-11e5-803c-0d0b866b59f3","C4MIP,FAFMIP,GMMIP,GeoMIP,HighResMIP,RFMIP,SIMIP","C4MIP,CMIP6,DAMIP,DCPP,DECK,FAFMIP,GMMIP,GeoMIP,HighResMIP,LS3MIP,LUMIP,OMIP,PMIP,RFMIP,ScenarioMIP","0b0db7ea-00a8-11e6-ab7d-5404a60d96b5","False","False","x","False","False","CICE:1","lo-la-ti_a:m-seaice_siflswdbot","Structure not defined"
"1","Downwelling longwave flux over sea ice","W m-2","the downwelling longwave flux over sea ice (always positive)",,"sifllwdtop","surface_downwelling_longwave_flux_in_air","time: mean where sea_ice area: mean where sea_ice area: mean where sea_ice",,,"longitude latitude time","sifllwdtop","seaIce","mon","area: areacello","SIMIP [seaicemon]",,"52","590e9656-9e49-11e5-803c-0d0b866b59f3","C4MIP,FAFMIP,GMMIP,GeoMIP,HighResMIP,RFMIP,SIMIP","C4MIP,CMIP6,DAMIP,DCPP,DECK,FAFMIP,GMMIP,GeoMIP,HighResMIP,LS3MIP,LUMIP,OMIP,PMIP,RFMIP,ScenarioMIP","0b0dbe0c-00a8-11e6-ab7d-5404a60d96b5","False","False","x","False","False","JULES:1","lo-la-ti_a:m-seaice_sifllwdtop","Structure not defined"
"1","Upward longwave flux over sea ice","W m-2","the upward longwave flux over sea ice (always negative)",,"sifllwutop","surface_upwelling_longwave_flux_in_air","time: mean where sea_ice area: mean where sea_ice area: mean where sea_ice",,,"longitude latitude time","sifllwutop","seaIce","mon","area: areacello","SIMIP [seaicemon]",,"53","591733d8-9e49-11e5-803c-0d0b866b59f3","C4MIP,FAFMIP,GMMIP,GeoMIP,HighResMIP,RFMIP,SIMIP","C4MIP,CMIP6,DAMIP,DCPP,DECK,FAFMIP,GMMIP,GeoMIP,HighResMIP,LS3MIP,LUMIP,OMIP,PMIP,RFMIP,ScenarioMIP","0b0dc320-00a8-11e6-ab7d-5404a60d96b5","False","False","False","False","False","JULES:1","lo-la-ti_a:m-seaice_sifllwutop","Structure not defined"
"1","Net sensible heat flux over sea ice","W m-2","the net sensible heat flux over sea ice",,"siflsenstop","surface_upward_sensible_heat_flux","time: mean where sea_ice area: mean where sea_ice area: mean where sea_ice",,,"longitude latitude time","siflsenstop","seaIce","mon","area: areacello","SIMIP [seaicemon]",,"54","590dbb78-9e49-11e5-803c-0d0b866b59f3","C4MIP,FAFMIP,GMMIP,GeoMIP,HighResMIP,RFMIP,SIMIP","C4MIP,CMIP6,DAMIP,DCPP,DECK,FAFMIP,GMMIP,GeoMIP,HighResMIP,LS3MIP,LUMIP,OMIP,PMIP,RFMIP,ScenarioMIP","0b0dc820-00a8-11e6-ab7d-5404a60d96b5","x","False","x","False","False","JULES:1","lo-la-ti_a:m-seaice_siflsenstop","Structure not defined"
"1","Net latent heat flux over sea ice","W m-2","the net latent heat flux over sea ice",,"sifllatstop","surface_upward_latent_heat_flux","time: mean where sea_ice area: mean where sea_ice area: mean where sea_ice",,,"longitude latitude time","sifllatstop","seaIce","mon","area: areacello","SIMIP [seaicemon]",,"55","59131140-9e49-11e5-803c-0d0b866b59f3","C4MIP,FAFMIP,GMMIP,GeoMIP,HighResMIP,RFMIP,SIMIP","C4MIP,CMIP6,DAMIP,DCPP,DECK,FAFMIP,GMMIP,GeoMIP,HighResMIP,LS3MIP,LUMIP,OMIP,PMIP,RFMIP,ScenarioMIP","0b0dcd16-00a8-11e6-ab7d-5404a60d96b5","x","False","x","False","False","CICE:1","lo-la-ti_a:m-seaice_sifllatstop","Structure not defined"
"1","Net sensible heat flux under sea ice","W m-2","the net sensible heat flux under sea ice from the ocean",,"siflsensupbot","ice_ocean_heat_flux","time: mean where sea_ice area: mean where sea_ice area: mean where sea_ice",,,"longitude latitude time","siflsensupbot","seaIce","mon","area: areacella","SIMIP [seaicemon]",,"56","590ef524-9e49-11e5-803c-0d0b866b59f3","C4MIP,FAFMIP,GMMIP,GeoMIP,HighResMIP,RFMIP,SIMIP","C4MIP,CMIP6,DAMIP,DCPP,DECK,FAFMIP,GMMIP,GeoMIP,HighResMIP,LS3MIP,LUMIP,OMIP,PMIP,RFMIP,ScenarioMIP","0b0dd284-00a8-11e6-ab7d-5404a60d96b5","False","False","False","False","False","CICE:1","lo-la-ti_a:m-seaice_siflsensupbot","Structure not defined"
"1","Net conductive heat flux in ice at the surface","W m-2","the net heat conduction flux at the ice surface",,"siflcondtop","conductive_heat_flux_at_sea_ice_surface","time: mean where sea_ice area: mean where sea_ice area: mean where sea_ice",,,"longitude latitude time","siflcondtop","seaIce","mon","area: areacella","SIMIP [seaicemon]",,"57","590ecbda-9e49-11e5-803c-0d0b866b59f3","C4MIP,FAFMIP,GMMIP,GeoMIP,HighResMIP,RFMIP,SIMIP","C4MIP,CMIP6,DAMIP,DCPP,DECK,FAFMIP,GMMIP,GeoMIP,HighResMIP,LS3MIP,LUMIP,OMIP,PMIP,RFMIP,ScenarioMIP","0b0dd7e8-00a8-11e6-ab7d-5404a60d96b5","x","False","False","False","False","CICE:1","lo-la-ti_a:m-seaice_siflcondtop","Structure not defined"
"1","Net conductive heat fluxes in ice at the bottom","W m-2","the net heat conduction flux at the ice base",,"siflcondbot","conductive_heat_flux_at_sea_ice_bottom","time: mean where sea_ice area: mean where sea_ice area: mean where sea_ice",,,"longitude latitude time","siflcondbot","seaIce","mon","area: areacella","SIMIP [seaicemon]",,"58","5917ba9c-9e49-11e5-803c-0d0b866b59f3","C4MIP,FAFMIP,GMMIP,GeoMIP,HighResMIP,RFMIP,SIMIP","C4MIP,CMIP6,DAMIP,DCPP,DECK,FAFMIP,GMMIP,GeoMIP,HighResMIP,LS3MIP,LUMIP,OMIP,PMIP,RFMIP,ScenarioMIP","0b0dde00-00a8-11e6-ab7d-5404a60d96b5","False","False","False","False","False","CICE:1","lo-la-ti_a:m-seaice_siflcondbot","Structure not defined"
"1","Rainfall rate over sea ice","kg m-2 s-1","mass of liquid precipitation falling onto sea ice divided by grid-cell area",,"sipr","rainfall_flux","time: mean where sea_ice area: mean where sea_ice area: mean where sea_ice",,,"longitude latitude time","sipr","seaIce","mon","area: areacello","SIMIP [seaicemon]",,"59","59138238-9e49-11e5-803c-0d0b866b59f3","C4MIP,FAFMIP,GMMIP,GeoMIP,HighResMIP,RFMIP,SIMIP","C4MIP,CMIP6,DAMIP,DCPP,DECK,FAFMIP,GMMIP,GeoMIP,HighResMIP,LS3MIP,LUMIP,OMIP,PMIP,RFMIP,ScenarioMIP","0b0de314-00a8-11e6-ab7d-5404a60d96b5","False","False","x","False","False","CICE:1","lo-la-ti_a:m-seaice_sipr","Structure not defined"
"1","Salt flux from sea ice","kg m-2 s-1","Total flux of salt from water into sea ice divided by grid-cell area; salt flux is upward (negative) during ice growth when salt is embedded into the ice and downward (positive) during melt when salt from sea ice is again released to the ocean",,"siflsaltbot","salt_flux_from_ice","time: mean where sea_ice area: mean where sea_ice area: mean where sea_ice",,,"longitude latitude time","siflsaltbot","seaIce","mon","area: areacella","SIMIP [seaicemon]",,"60","590eb730-9e49-11e5-803c-0d0b866b59f3","C4MIP,FAFMIP,GMMIP,GeoMIP,HighResMIP,RFMIP,SIMIP","C4MIP,CMIP6,DAMIP,DCPP,DECK,FAFMIP,GMMIP,GeoMIP,HighResMIP,LS3MIP,LUMIP,OMIP,PMIP,RFMIP,ScenarioMIP","0b0de882-00a8-11e6-ab7d-5404a60d96b5","False","False","x","False","x","CICE:1","lo-la-ti_a:m-seaice_siflsaltbot","Structure not defined"
"1","Freshwater flux from sea ice","kg m-2 s-1","Total flux of fresh water from water into sea ice divided by grid-cell area; This flux is negative during ice growth (liquid water mass decreases, hence upward flux of freshwater), positive during ice melt (liquid water mass increases, hence downward flux of freshwater)",,"siflfwbot","freshwater_flux_from_ice","time: mean where sea_ice area: mean where sea_ice area: mean where sea_ice",,,"longitude latitude time","siflfwbot","seaIce","mon","area: areacella","SIMIP [seaicemon]",,"61","590dce42-9e49-11e5-803c-0d0b866b59f3","C4MIP,FAFMIP,GMMIP,GeoMIP,HighResMIP,RFMIP,SIMIP","C4MIP,CMIP6,DAMIP,DCPP,DECK,FAFMIP,GMMIP,GeoMIP,HighResMIP,LS3MIP,LUMIP,OMIP,PMIP,RFMIP,ScenarioMIP","0b0dedf0-00a8-11e6-ab7d-5404a60d96b5","False","False","x","False","False","CICE:1","lo-la-ti_a:m-seaice_siflfwbot","Structure not defined"
"1","X-component of sea ice velocity","m s-1","x-velocity of ice on native model grid",,"siu","sea_ice_x_velocity","time: mean where sea_ice area: mean where sea_ice area: mean where sea_ice",,,"longitude latitude time","siu","seaIce","mon","area: areacella","SIMIP [seaicemon]",,"62","590e80c6-9e49-11e5-803c-0d0b866b59f3","C4MIP,DAMIP,FAFMIP,GMMIP,GeoMIP,HighResMIP,RFMIP,SIMIP","C4MIP,CMIP6,DAMIP,DCPP,DECK,FAFMIP,GMMIP,GeoMIP,HighResMIP,LS3MIP,LUMIP,OMIP,PMIP,RFMIP,ScenarioMIP","0b0df37c-00a8-11e6-ab7d-5404a60d96b5","x",3,"x","False","x","CICE:1","lo-la-ti_a:m-seaice_siu","Structure not defined"
"1","Y-component of sea ice velocity","m s-1","y-velocity of ice on native model grid",,"siv","sea_ice_y_velocity","time: mean where sea_ice area: mean where sea_ice area: mean where sea_ice",,,"longitude latitude time","siv","seaIce","mon","area: areacella","SIMIP [seaicemon]",,"63","59141748-9e49-11e5-803c-0d0b866b59f3","C4MIP,DAMIP,FAFMIP,GMMIP,GeoMIP,HighResMIP,RFMIP,SIMIP","C4MIP,CMIP6,DAMIP,DCPP,DECK,FAFMIP,GMMIP,GeoMIP,HighResMIP,LS3MIP,LUMIP,OMIP,PMIP,RFMIP,ScenarioMIP","0b0df872-00a8-11e6-ab7d-5404a60d96b5","x",3,"x","False","x","CICE:1","lo-la-ti_a:m-seaice_siv","Structure not defined"
"1","Sea-ice speed","m s-1","speed of ice (i.e. mean absolute velocity) to account for back-and-forth movement of the ice",,"sispeed","sea_ice_speed","time: mean where sea_ice area: mean where sea_ice area: mean where sea_ice",,,"longitude latitude time","sispeed","seaIce","mon","area: areacella","SIMIP [seaicemon]",,"64","590f4f2e-9e49-11e5-803c-0d0b866b59f3","C4MIP,DAMIP,FAFMIP,GMMIP,GeoMIP,HighResMIP,RFMIP,SIMIP","C4MIP,CMIP6,DAMIP,DCPP,DECK,FAFMIP,GMMIP,GeoMIP,HighResMIP,LS3MIP,LUMIP,OMIP,PMIP,RFMIP,ScenarioMIP","0b0dfde0-00a8-11e6-ab7d-5404a60d96b5","x","False","False","False","False","CICE:1","lo-la-ti_a:m-seaice_sispeed","Structure not defined"
"2","X-component of sea-ice mass transport","kg s-1","Includes transport of both sea ice and snow by advection",,"sidmasstranx","sea_ice_x_transport","time: mean area: mean where sea_ice over sea",,,"longitude latitude time","sidmasstranx","seaIce","mon","area: areacello","SIMIP [seaicemon]",,"65","59172e42-9e49-11e5-803c-0d0b866b59f3","C4MIP,FAFMIP,GMMIP,GeoMIP,HighResMIP,RFMIP,SIMIP","C4MIP,CMIP6,DAMIP,DCPP,DECK,FAFMIP,GMMIP,GeoMIP,HighResMIP,LS3MIP,LUMIP,OMIP,PMIP,RFMIP,ScenarioMIP","0b0e02ea-00a8-11e6-ab7d-5404a60d96b5","x","False","False","False","x","False","lo-la-ti_a:m-seaice_sidmasstranx","Structure not defined"
"2","Y-component of sea-ice mass transport","kg s-1","Includes transport of both sea ice and snow by advection",,"sidmasstrany","sea_ice_y_transport","time: mean area: mean where sea_ice over sea",,,"longitude latitude time","sidmasstrany","seaIce","mon","area: areacello","SIMIP [seaicemon]",,"66","59172bcc-9e49-11e5-803c-0d0b866b59f3","C4MIP,FAFMIP,GMMIP,GeoMIP,HighResMIP,RFMIP,SIMIP","C4MIP,CMIP6,DAMIP,DCPP,DECK,FAFMIP,GMMIP,GeoMIP,HighResMIP,LS3MIP,LUMIP,OMIP,PMIP,RFMIP,ScenarioMIP","0b0e07e0-00a8-11e6-ab7d-5404a60d96b5","x","False","False","False","x","False","lo-la-ti_a:m-seaice_sidmasstrany","Structure not defined"
"1","X-component of atmospheric stress on sea ice","N m-2","X-component of atmospheric stress on sea ice",,"sistrxdtop","surface_downward_x_stress","time: mean where sea_ice area: mean where sea_ice area: mean where sea_ice",,,"longitude latitude time","sistrxdtop","seaIce","mon","area: areacella","SIMIP [seaicemon]",,"67","5913f77c-9e49-11e5-803c-0d0b866b59f3","C4MIP,FAFMIP,GMMIP,GeoMIP,HighResMIP,RFMIP,SIMIP","C4MIP,CMIP6,DAMIP,DCPP,DECK,FAFMIP,GMMIP,GeoMIP,HighResMIP,LS3MIP,LUMIP,OMIP,PMIP,RFMIP,ScenarioMIP","0b0e0d44-00a8-11e6-ab7d-5404a60d96b5","x","False","x","False","x","CICE:1","lo-la-ti_a:m-seaice_sistrxdtop","Structure not defined"
"1","Y-component of atmospheric stress on sea ice","N m-2","Y-component of atmospheric stress on sea ice",,"sistrydtop","surface_downward_y_stress","time: mean where sea_ice area: mean where sea_ice area: mean where sea_ice",,,"longitude latitude time","sistrydtop","seaIce","mon","area: areacella","SIMIP [seaicemon]",,"68","591774d8-9e49-11e5-803c-0d0b866b59f3","C4MIP,FAFMIP,GMMIP,GeoMIP,HighResMIP,RFMIP,SIMIP","C4MIP,CMIP6,DAMIP,DCPP,DECK,FAFMIP,GMMIP,GeoMIP,HighResMIP,LS3MIP,LUMIP,OMIP,PMIP,RFMIP,ScenarioMIP","0b0e128a-00a8-11e6-ab7d-5404a60d96b5","x","False","x","False","x","CICE:1","lo-la-ti_a:m-seaice_sistrydtop","Structure not defined"
"1","X-component of ocean stress on sea ice","N m-2","X-component of ocean stress on sea ice",,"sistrxubot","sea_ice_base_upward_x_stress","time: mean where sea_ice area: mean where sea_ice area: mean where sea_ice",,,"longitude latitude time","sistrxubot","seaIce","mon","area: areacello","SIMIP [seaicemon]",,"69","590d2848-9e49-11e5-803c-0d0b866b59f3","C4MIP,FAFMIP,GMMIP,GeoMIP,HighResMIP,RFMIP,SIMIP","C4MIP,CMIP6,DAMIP,DCPP,DECK,FAFMIP,GMMIP,GeoMIP,HighResMIP,LS3MIP,LUMIP,OMIP,PMIP,RFMIP,ScenarioMIP","0b0e18b6-00a8-11e6-ab7d-5404a60d96b5","False","False","x","False","x","CICE:1","lo-la-ti_a:m-seaice_sistrxubot","Structure not defined"
"1","Y-component of ocean stress on sea ice","N m-2","Y-component of ocean stress on sea ice",,"sistryubot","sea_ice_base_upward_y_stress","time: mean where sea_ice area: mean where sea_ice area: mean where sea_ice",,,"longitude latitude time","sistryubot","seaIce","mon","area: areacello","SIMIP [seaicemon]",,"70","59150da6-9e49-11e5-803c-0d0b866b59f3","C4MIP,FAFMIP,GMMIP,GeoMIP,HighResMIP,RFMIP,SIMIP","C4MIP,CMIP6,DAMIP,DCPP,DECK,FAFMIP,GMMIP,GeoMIP,HighResMIP,LS3MIP,LUMIP,OMIP,PMIP,RFMIP,ScenarioMIP","0b0e1f96-00a8-11e6-ab7d-5404a60d96b5","False","False","x","False","x","CICE:1","lo-la-ti_a:m-seaice_sistryubot","Structure not defined"
"2","Compressive sea ice strength","N m-1","Computed strength of the ice pack, defined as the energy (J m-2) dissipated per unit area removed from the ice pack under compression, and assumed proportional to the change in potential energy caused by ridging. For Hibler-type models, this is P (= P*hexp(-C(1-A)))",,"sicompstren","compressive_strength_of_sea_ice","time: mean where sea_ice area: mean where sea_ice area: mean where sea_ice",,,"longitude latitude time","sicompstren","seaIce","mon","area: areacello","SIMIP [seaicemon]",,"71","590e9390-9e49-11e5-803c-0d0b866b59f3","C4MIP,FAFMIP,GMMIP,GeoMIP,HighResMIP,RFMIP,SIMIP","C4MIP,CMIP6,DAMIP,DCPP,DECK,FAFMIP,GMMIP,GeoMIP,HighResMIP,LS3MIP,LUMIP,OMIP,PMIP,RFMIP,ScenarioMIP","0b0e24aa-00a8-11e6-ab7d-5404a60d96b5","False","False","x","False","False","False","lo-la-ti_a:m-seaice_sicompstren","Structure not defined"
"3","Atmospheric drag coefficient","1.0","Atmospheric drag coefficient that is used to calculate the atmospheric momentum drag on sea ice",,"sidragtop","surface_drag_coefficient_for_momentum_in_air","time: mean where sea_ice area: mean where sea_ice area: mean where sea_ice",,,"longitude latitude time","sidragtop","seaIce","mon","area: areacella","SIMIP [seaicemon]",,"72","5914e0ba-9e49-11e5-803c-0d0b866b59f3","C4MIP,FAFMIP,GMMIP,GeoMIP,HighResMIP,RFMIP,SIMIP","C4MIP,CMIP6,DAMIP,DCPP,DECK,FAFMIP,GMMIP,GeoMIP,HighResMIP,LS3MIP,LUMIP,OMIP,PMIP,RFMIP,ScenarioMIP","0b0e2a18-00a8-11e6-ab7d-5404a60d96b5","False","False","False","False","False","False","lo-la-ti_a:m-seaice_sidragtop","Structure not defined"
"3","Ocean drag coefficient","1.0","Oceanic drag coefficient that is used to calculate the oceanic momentum drag on sea ice",,"sidragbot","surface_drag_coefficient_for_momentum_in_water","time: mean where sea_ice area: mean where sea_ice area: mean where sea_ice",,,"longitude latitude time","sidragbot","seaIce","mon","area: areacella","SIMIP [seaicemon]",,"73","590e9070-9e49-11e5-803c-0d0b866b59f3","C4MIP,FAFMIP,GMMIP,GeoMIP,HighResMIP,RFMIP,SIMIP","C4MIP,CMIP6,DAMIP,DCPP,DECK,FAFMIP,GMMIP,GeoMIP,HighResMIP,LS3MIP,LUMIP,OMIP,PMIP,RFMIP,ScenarioMIP","0b0e2f7c-00a8-11e6-ab7d-5404a60d96b5","False","False","False","False","False","False","lo-la-ti_a:m-seaice_sidragbot","Structure not defined"
"3","Sea-surface tilt term in force balance (x-component)","N m-2","X-component of force on sea ice caused by sea-surface tilt",,"siforcetiltx","sea_surface_tilt_force_on_sea_ice_x","time: mean where sea_ice area: mean where sea_ice area: mean where sea_ice",,,"longitude latitude time","siforcetiltx","seaIce","mon","area: areacella","SIMIP [seaicemon]",,"74","590ed33c-9e49-11e5-803c-0d0b866b59f3","C4MIP,FAFMIP,GMMIP,GeoMIP,HighResMIP,RFMIP,SIMIP","C4MIP,CMIP6,DAMIP,DCPP,DECK,FAFMIP,GMMIP,GeoMIP,HighResMIP,LS3MIP,LUMIP,OMIP,PMIP,RFMIP,ScenarioMIP","0b0e34d6-00a8-11e6-ab7d-5404a60d96b5","False","False","x","False","False","False","lo-la-ti_a:m-seaice_siforcetiltx","Structure not defined"
"3","Sea-surface tilt term in force balance (y-component)","N m-2","Y-component of force on sea ice caused by sea-surface tilt",,"siforcetilty","sea_surface_tilt_force_on_sea_ice_y","time: mean where sea_ice area: mean where sea_ice area: mean where sea_ice",,,"longitude latitude time","siforcetilty","seaIce","mon","area: areacella","SIMIP [seaicemon]",,"75","590d7654-9e49-11e5-803c-0d0b866b59f3","C4MIP,FAFMIP,GMMIP,GeoMIP,HighResMIP,RFMIP,SIMIP","C4MIP,CMIP6,DAMIP,DCPP,DECK,FAFMIP,GMMIP,GeoMIP,HighResMIP,LS3MIP,LUMIP,OMIP,PMIP,RFMIP,ScenarioMIP","0b0e3ca6-00a8-11e6-ab7d-5404a60d96b5","False","False","x","False","False","False","lo-la-ti_a:m-seaice_siforcetilty","Structure not defined"
"3","Coriolis force term in force balance (x-component)","N m-2","X-component of force on sea ice caused by coriolis force",,"siforcecoriolx","coriolis_force_on_sea_ice_x","time: mean where sea_ice area: mean where sea_ice area: mean where sea_ice",,,"longitude latitude time","siforcecoriolx","seaIce","mon","area: areacella","SIMIP [seaicemon]",,"76","590e3ee0-9e49-11e5-803c-0d0b866b59f3","C4MIP,FAFMIP,GMMIP,GeoMIP,HighResMIP,RFMIP,SIMIP","C4MIP,CMIP6,DAMIP,DCPP,DECK,FAFMIP,GMMIP,GeoMIP,HighResMIP,LS3MIP,LUMIP,OMIP,PMIP,RFMIP,ScenarioMIP","0b0e42a0-00a8-11e6-ab7d-5404a60d96b5","False","False","x","False","False","False","lo-la-ti_a:m-seaice_siforcecoriolx","Structure not defined"
"3","Coriolis force term in force balance (y-component)","N m-2","Y-component of force on sea ice caused by coriolis force",,"siforcecorioly","coriolis_force_on_sea_ice_y","time: mean where sea_ice area: mean where sea_ice area: mean where sea_ice",,,"longitude latitude time","siforcecorioly","seaIce","mon","area: areacella","SIMIP [seaicemon]",,"77","590d4fc6-9e49-11e5-803c-0d0b866b59f3","C4MIP,FAFMIP,GMMIP,GeoMIP,HighResMIP,RFMIP,SIMIP","C4MIP,CMIP6,DAMIP,DCPP,DECK,FAFMIP,GMMIP,GeoMIP,HighResMIP,LS3MIP,LUMIP,OMIP,PMIP,RFMIP,ScenarioMIP","0b0e47fa-00a8-11e6-ab7d-5404a60d96b5","False","False","x","False","False","False","lo-la-ti_a:m-seaice_siforcecorioly","Structure not defined"
"1","Internal stress term in force balance (x-component)","N m-2","X-component of force on sea ice caused by internal stress (divergence of sigma)",,"siforceintstrx","internal_stress_in_sea_ice_x","time: mean where sea_ice area: mean where sea_ice area: mean where sea_ice",,,"longitude latitude time","siforceintstrx","seaIce","mon","area: areacella","SIMIP [seaicemon]",,"78","590df8a4-9e49-11e5-803c-0d0b866b59f3","C4MIP,FAFMIP,GMMIP,GeoMIP,HighResMIP,RFMIP,SIMIP","C4MIP,CMIP6,DAMIP,DCPP,DECK,FAFMIP,GMMIP,GeoMIP,HighResMIP,LS3MIP,LUMIP,OMIP,PMIP,RFMIP,ScenarioMIP","0b0e4f16-00a8-11e6-ab7d-5404a60d96b5","False","False","x","False","False","False","lo-la-ti_a:m-seaice_siforceintstrx","Structure not defined"
"1","Internal stress term in force balance (y-component)","N m-2","Y-component of force on sea ice caused by internal stress (divergence of sigma)",,"siforceintstry","internal_stress_in_sea_ice_y","time: mean where sea_ice area: mean where sea_ice area: mean where sea_ice",,,"longitude latitude time","siforceintstry","seaIce","mon","area: areacella","SIMIP [seaicemon]",,"79","590df5e8-9e49-11e5-803c-0d0b866b59f3","C4MIP,FAFMIP,GMMIP,GeoMIP,HighResMIP,RFMIP,SIMIP","C4MIP,CMIP6,DAMIP,DCPP,DECK,FAFMIP,GMMIP,GeoMIP,HighResMIP,LS3MIP,LUMIP,OMIP,PMIP,RFMIP,ScenarioMIP","0b0e5470-00a8-11e6-ab7d-5404a60d96b5","False","False","x","False","False","False","lo-la-ti_a:m-seaice_siforceintstry","Structure not defined"
"3","Average normal stress in sea ice","N m-1","Average normal stress in sea ice (first stress invariant)",,"sistresave","average_normal_stress","time: point area: mean where sea_ice",,,"longitude latitude time1","sistresave","seaIce","mon","area: areacella","SIMIP [seaicemon]",,"80","590e4bd8-9e49-11e5-803c-0d0b866b59f3","C4MIP,FAFMIP,GMMIP,GeoMIP,HighResMIP,RFMIP,SIMIP","C4MIP,CMIP6,DAMIP,DCPP,DECK,FAFMIP,GMMIP,GeoMIP,HighResMIP,LS3MIP,LUMIP,OMIP,PMIP,RFMIP,ScenarioMIP","0b0e5a88-00a8-11e6-ab7d-5404a60d96b5",,,,,,"False","lo-la-ti_a:m-seaice_sistresave","Structure not defined"
"3","Maximum shear stress in sea ice","N m-1","Maximum shear stress in sea ice (second stress invariant)",,"sistremax","maximum_shear_stress","time: point area: mean where sea_ice",,,"longitude latitude time1","sistremax","seaIce","mon","area: areacella","SIMIP [seaicemon]",,"81","590ea16e-9e49-11e5-803c-0d0b866b59f3","C4MIP,FAFMIP,GMMIP,GeoMIP,HighResMIP,RFMIP,SIMIP","C4MIP,CMIP6,DAMIP,DCPP,DECK,FAFMIP,GMMIP,GeoMIP,HighResMIP,LS3MIP,LUMIP,OMIP,PMIP,RFMIP,ScenarioMIP","0b0e5fe2-00a8-11e6-ab7d-5404a60d96b5",,,,,,"False","lo-la-ti_a:m-seaice_sistremax","Structure not defined"
"1","Divergence of the sea-ice velocity field","1/s","Divergence of sea-ice velocity field (first shear strain invariant)",,"sidivvel","divergence_of_sea_ice_velocity","time: point area: mean where sea_ice",,,"longitude latitude time1","sidivvel","seaIce","mon","area: areacello","SIMIP [seaicemon]",,"82","590d7924-9e49-11e5-803c-0d0b866b59f3","C4MIP,FAFMIP,GMMIP,GeoMIP,HighResMIP,RFMIP,SIMIP","C4MIP,CMIP6,DAMIP,DCPP,DECK,FAFMIP,GMMIP,GeoMIP,HighResMIP,LS3MIP,LUMIP,OMIP,PMIP,RFMIP,ScenarioMIP","0b0e64ec-00a8-11e6-ab7d-5404a60d96b5","False","False","x","False","False","CICE:1","lo-la-ti_a:m-seaice_sidivvel","Structure not defined"
"2","Maximum shear of sea-ice velocity field","1/s","Maximum shear of sea-ice velocity field (second shear strain invariant)",,"sishevel","maximum_shear_of_sea_ice_velocity","time: point area: mean where sea_ice",,,"longitude latitude time1","sishevel","seaIce","mon","area: areacella","SIMIP [seaicemon]",,"83","590d70b4-9e49-11e5-803c-0d0b866b59f3","C4MIP,FAFMIP,GMMIP,GeoMIP,HighResMIP,RFMIP,SIMIP","C4MIP,CMIP6,DAMIP,DCPP,DECK,FAFMIP,GMMIP,GeoMIP,HighResMIP,LS3MIP,LUMIP,OMIP,PMIP,RFMIP,ScenarioMIP","0b0e6ad2-00a8-11e6-ab7d-5404a60d96b5","False","False","False","False","False","False","lo-la-ti_a:m-seaice_sishevel","Structure not defined"
"2","Sea ice extent North","10^6 km2","Total area of all Northern-Hemisphere grid cells that are covered by at least 15 % areal fraction of sea ice",,"siextentn","sea_ice_extent","time: mean area: mean where sea_ice over sea",,,"time","siextentn","seaIce","mon","area: areacella","SIMIP [seaicemon]",,"84","5917b45c-9e49-11e5-803c-0d0b866b59f3","C4MIP,FAFMIP,GMMIP,GeoMIP,HighResMIP,RFMIP,SIMIP","C4MIP,CMIP6,DAMIP,DCPP,DECK,FAFMIP,GMMIP,GeoMIP,HighResMIP,LS3MIP,LUMIP,OMIP,PMIP,RFMIP,ScenarioMIP","0b0e7036-00a8-11e6-ab7d-5404a60d96b5","x","False","False","False","False","False","ti_a:m-seaice_siextentn","Structure not defined"
"2","Sea ice extent South","10^6 km2","Total area of all Southern-Hemisphere grid cells that are covered by at least 15 % areal fraction of sea ice",,"siextents","sea_ice_extent","time: mean area: mean where sea_ice over sea",,,"time","siextents","seaIce","mon","area: areacella","SIMIP [seaicemon]",,"85","590e9ed0-9e49-11e5-803c-0d0b866b59f3","C4MIP,FAFMIP,GMMIP,GeoMIP,HighResMIP,RFMIP,SIMIP","C4MIP,CMIP6,DAMIP,DCPP,DECK,FAFMIP,GMMIP,GeoMIP,HighResMIP,LS3MIP,LUMIP,OMIP,PMIP,RFMIP,ScenarioMIP","0b0e759a-00a8-11e6-ab7d-5404a60d96b5","x","False","False","False","False","False","ti_a:m-seaice_siextents","Structure not defined"
"2","Sea ice volume North","10^3 km3","total volume of sea ice in the Northern hemisphere",,"sivoln","sea_ice_volume","time: mean area: mean where sea_ice over sea",,,"time","sivoln","seaIce","mon","area: areacella","SIMIP [seaicemon]",,"86","5913c9aa-9e49-11e5-803c-0d0b866b59f3","C4MIP,FAFMIP,GMMIP,GeoMIP,HighResMIP,RFMIP,SIMIP","C4MIP,CMIP6,DAMIP,DCPP,DECK,FAFMIP,GMMIP,GeoMIP,HighResMIP,LS3MIP,LUMIP,OMIP,PMIP,RFMIP,ScenarioMIP","0b0e7d60-00a8-11e6-ab7d-5404a60d96b5","x","False","False","False","False","False","ti_a:m-seaice_sivoln","Structure not defined"
"2","Sea ice volume South","10^3 km3","total volume of sea ice in the Southern hemisphere",,"sivols","sea_ice_volume","time: mean area: mean where sea_ice over sea",,,"time","sivols","seaIce","mon","area: areacella","SIMIP [seaicemon]",,"87","590ee2fa-9e49-11e5-803c-0d0b866b59f3","C4MIP,FAFMIP,GMMIP,GeoMIP,HighResMIP,RFMIP,SIMIP","C4MIP,CMIP6,DAMIP,DCPP,DECK,FAFMIP,GMMIP,GeoMIP,HighResMIP,LS3MIP,LUMIP,OMIP,PMIP,RFMIP,ScenarioMIP","0b0e835a-00a8-11e6-ab7d-5404a60d96b5","x","False","False","False","False","False","ti_a:m-seaice_sivols","Structure not defined"
"2","Sea ice area North","10^6 km2","total area of sea ice in the Northern hemisphere",,"siarean","sea_ice_area","time: mean area: mean where sea_ice over sea",,,"time","siarean","seaIce","mon","area: areacella","SIMIP [seaicemon]",,"88","59139a70-9e49-11e5-803c-0d0b866b59f3","C4MIP,FAFMIP,GMMIP,GeoMIP,HighResMIP,RFMIP,SIMIP","C4MIP,CMIP6,DAMIP,DCPP,DECK,FAFMIP,GMMIP,GeoMIP,HighResMIP,LS3MIP,LUMIP,OMIP,PMIP,RFMIP,ScenarioMIP","0b0e88aa-00a8-11e6-ab7d-5404a60d96b5","x","False","False","False","False","False","ti_a:m-seaice_siarean","Structure not defined"
"2","Sea ice area South","10^6 km2","total area of sea ice in the Southern hemisphere",,"siareas","sea_ice_area","time: mean area: mean where sea_ice over sea",,,"time","siareas","seaIce","mon","area: areacella","SIMIP [seaicemon]",,"89","59139548-9e49-11e5-803c-0d0b866b59f3","C4MIP,FAFMIP,GMMIP,GeoMIP,HighResMIP,RFMIP,SIMIP","C4MIP,CMIP6,DAMIP,DCPP,DECK,FAFMIP,GMMIP,GeoMIP,HighResMIP,LS3MIP,LUMIP,OMIP,PMIP,RFMIP,ScenarioMIP","0b0e8de6-00a8-11e6-ab7d-5404a60d96b5","x","False","False","False","False","False","ti_a:m-seaice_siareas","Structure not defined"
"1","Sea ice mass flux through straits","kg/s","net (sum of transport in all directions) sea ice mass transport through the following four passages, positive into the Arctic Ocean 1. Fram Strait = (11.5oW,81.3oN to (10.5oE,79.6oN) 2. Canadian Archipelego = (128.2oW,70.6oN) to (59.3oW,82.1oN) 3. Barents opening = (16.8oE,76.5oN) to (19.2oE,70.2oN) 4. Bering Strait = (171oW,66.2oN) to (166oW,65oN)","Flux across 4 straits","siacrossline","sea_ice_transport_across_line","time: mean area: mean where sea_ice over sea",,,"latitude basin time","siacrossline","seaIce","mon","area: areacello","SIMIP [seaicemon]",,"90","5917e7a6-9e49-11e5-803c-0d0b866b59f3","C4MIP,FAFMIP,GMMIP,GeoMIP,HighResMIP,RFMIP,SIMIP","C4MIP,CMIP6,DAMIP,DCPP,DECK,FAFMIP,GMMIP,GeoMIP,HighResMIP,LS3MIP,LUMIP,OMIP,PMIP,RFMIP,ScenarioMIP","0b0e93ae-00a8-11e6-ab7d-5404a60d96b5","False","False","False","False","x","CICE:Postprocess?","la-b-ti_a:m-seaice_siacrossline","Structure not defined"
